{
    "accuracy": 0.6737804878048781,
    "precision": 0.6041666666666666,
    "recall": 0.35655737704918034,
    "f1_score": 0.4484536082474227
}